mode,f_Hz,zeta_eff
1,23.78732758399891,0.009999999999999978
2,70.83061316114537,0.00999999999999998
3,116.29165988433675,0.013821901080930368
4,159.15494309189535,0.0179396527186879
5,198.46296786640772,0.021872444608234183
6,233.3376578889668,0.02542418466026448
7,262.99997021315903,0.028473069950851724
8,286.78729779715775,0.03093095032850529
9,304.16827105011197,0.032732433331900276
10,314.75462775074436,0.03383159597364769
